,Income,Children,Cars,Age,Marital_Status_RC,Gender_RC,Education_RC,Occupation_RC,Home_Owner_RC,Commute Distance_RC,Region_RC,Purchased Bike,Will Purchased Bike
0,40000.0,1,0,42.0,0,0,0,0,1,1,0,No,
1,30000.0,3,1,43.0,0,1,1,1,1,1,0,No,
2,80000.0,5,2,60.0,0,1,1,2,0,5,0,No,
3,70000.0,0,1,41.0,1,1,0,2,1,10,1,Yes,
4,30000.0,0,0,36.0,1,1,0,1,0,1,0,Yes,
5,10000.0,2,0,50.0,0,0,1,3,1,2,0,No,
6,160000.0,2,4,33.0,1,1,2,4,1,1,1,Yes,
7,40000.0,1,0,43.0,0,1,0,0,1,1,0,Yes,
8,20000.0,2,2,58.0,0,1,3,1,1,10,1,No,
9,20000.0,2,1,48.0,0,1,1,3,1,1,0,Yes,
10,30000.0,3,2,54.0,0,0,2,0,0,2,1,Yes,
11,90000.0,0,4,36.0,1,0,0,2,0,11,1,No,
12,170000.0,5,4,55.0,0,1,1,2,1,1,0,No,
13,40000.0,2,1,35.0,0,1,1,1,1,2,0,Yes,
14,60000.0,1,1,45.0,1,1,1,0,0,1,1,Yes,
15,10000.0,2,1,38.0,1,0,2,3,1,1,0,Yes,
16,30000.0,3,2,59.0,1,1,1,1,0,2,1,Yes,
17,30000.0,1,0,47.0,0,0,0,1,1,1,0,No,
18,40000.0,2,1,35.0,1,1,1,1,1,2,0,Yes,
19,20000.0,2,2,55.0,1,1,3,1,1,10,1,Yes,
20,40000.0,0,0,36.0,0,0,4,1,1,1,0,Yes,
21,80000.0,0,4,35.0,1,0,0,2,1,11,1,No,
22,40000.0,2,0,35.0,1,1,1,1,1,2,0,Yes,
23,90000.0,5,3,56.0,0,0,2,4,0,10,0,No,
24,40000.0,2,1,34.0,1,1,1,1,0,1,0,No,
25,30000.0,1,0,63.0,1,1,0,1,1,1,0,No,
26,30000.0,0,1,29.0,1,1,1,1,0,1,0,Yes,
27,100000.0,0,1,40.0,1,0,0,2,0,10,1,No,
28,70000.0,5,2,44.0,0,1,1,0,1,10,1,No,
29,20000.0,0,2,32.0,1,0,3,3,0,1,0,Yes,
30,20000.0,2,0,63.0,0,0,1,3,1,1,0,No,
31,10000.0,0,1,26.0,0,1,1,3,0,1,1,Yes,
32,20000.0,0,1,31.0,1,0,2,3,0,10,0,No,
33,75000.0,2,2,50.0,1,1,2,0,0,2,1,Yes,
34,90000.0,5,2,62.0,1,1,1,2,0,5,0,Yes,
35,10000.0,5,2,41.0,1,0,3,3,0,1,0,No,
36,10000.0,2,1,50.0,0,0,1,3,1,1,0,Yes,
37,30000.0,0,1,30.0,1,0,1,1,0,5,0,No,
38,20000.0,0,1,28.0,1,1,2,3,0,5,0,No,
39,10000.0,4,2,40.0,1,0,3,3,1,1,0,Yes,
40,30000.0,2,0,43.0,1,0,1,1,0,1,0,No,
41,40000.0,2,2,65.0,1,0,0,4,1,10,1,Yes,
42,10000.0,1,0,40.0,0,0,4,3,1,1,0,No,
43,170000.0,4,3,48.0,0,0,1,2,0,10,0,Yes,
44,20000.0,3,0,41.0,0,0,2,3,1,1,0,Yes,
45,20000.0,1,0,66.0,0,0,0,1,1,1,0,Yes,
46,60000.0,1,1,46.0,0,0,1,0,1,10,1,Yes,
47,80000.0,2,2,52.0,1,0,1,0,1,10,1,Yes,
48,30000.0,2,2,42.0,0,1,1,1,0,1,0,No,
49,40000.0,0,0,39.0,0,1,0,1,1,1,0,Yes,
50,30000.0,0,1,28.0,1,0,1,1,0,1,0,No,
51,80000.0,0,4,35.0,1,1,0,2,0,11,1,No,
52,20000.0,1,0,65.0,0,0,0,1,1,1,0,No,
53,90000.0,4,3,56.0,1,0,2,4,0,10,0,No,
54,70000.0,0,1,42.0,1,0,0,2,0,10,1,No,
55,80000.0,4,2,54.0,0,1,2,2,1,11,0,No,
56,40000.0,0,0,38.0,0,1,0,1,1,1,0,Yes,
57,130000.0,4,4,61.0,0,1,1,2,0,10,0,Yes,
58,40000.0,1,0,43.0,0,0,0,0,1,1,0,Yes,
59,65000.0,2,1,38.0,0,1,0,2,1,5,1,Yes,
60,15000.0,1,1,45.0,1,0,2,3,0,2,0,No,
61,10000.0,2,0,35.0,1,0,2,3,1,1,0,No,
62,40000.0,2,1,52.0,0,1,0,4,1,1,1,Yes,
63,60000.0,4,3,41.0,1,1,0,2,1,11,1,No,
64,30000.0,1,0,37.0,0,0,0,1,1,1,0,Yes,
65,30000.0,2,2,68.0,1,1,1,1,1,10,1,No,
66,40000.0,0,0,37.0,0,0,4,1,1,1,0,Yes,
67,30000.0,0,1,33.0,1,1,2,3,1,5,0,Yes,
68,20000.0,4,1,43.0,1,0,2,3,1,1,0,Yes,
69,10000.0,0,2,30.0,0,0,3,3,0,1,0,No,
70,120000.0,0,4,36.0,0,1,3,2,1,11,2,Yes,
71,10000.0,0,2,35.0,1,0,3,3,0,1,0,No,
72,130000.0,3,4,52.0,0,0,2,2,1,1,0,No,
73,20000.0,0,1,36.0,1,0,1,3,0,5,0,Yes,
74,20000.0,3,2,62.0,0,0,2,0,0,2,1,No,
75,130000.0,4,4,31.0,1,0,2,4,1,1,1,No,
76,20000.0,0,2,26.0,1,0,3,3,0,2,0,No,
77,47500.0,0,2,29.0,0,1,0,2,1,11,1,Yes,
78,80000.0,2,2,50.0,0,1,2,0,0,2,1,Yes,
79,40000.0,2,2,63.0,1,1,0,4,1,10,1,Yes,
80,30000.0,4,0,45.0,0,0,4,1,1,1,0,Yes,
81,10000.0,4,2,40.0,1,0,3,3,1,1,0,No,
82,30000.0,0,0,47.0,0,1,0,1,1,1,0,Yes,
83,20000.0,0,1,29.0,1,1,2,3,0,5,0,No,
84,40000.0,2,1,52.0,1,1,0,4,0,10,1,Yes,
85,10000.0,0,1,26.0,1,1,1,3,1,2,1,Yes,
86,130000.0,3,3,51.0,1,1,1,2,0,1,0,Yes,
87,80000.0,5,4,40.0,0,1,0,2,1,2,1,No,
88,30000.0,0,1,29.0,1,1,1,1,0,5,0,No,
89,20000.0,1,1,40.0,0,1,2,3,0,2,0,Yes,
90,30000.0,0,1,29.0,1,0,1,1,0,1,0,Yes,
91,30000.0,0,1,30.0,1,1,1,1,0,1,0,Yes,
92,60000.0,2,1,37.0,1,0,0,2,1,5,1,Yes,
93,30000.0,0,1,33.0,1,0,1,1,0,5,0,No,
94,30000.0,3,2,55.0,1,0,2,0,1,10,1,No,
95,90000.0,5,2,62.0,1,0,1,2,1,11,0,No,
96,30000.0,1,1,43.0,0,1,1,1,1,1,0,No,
97,40000.0,1,1,44.0,0,1,0,0,1,1,0,Yes,
98,40000.0,0,0,42.5,1,1,4,1,1,1,0,Yes,
99,20000.0,3,2,43.0,0,0,2,3,1,1,0,No,
100,10000.0,2,0,35.0,1,1,2,3,1,1,0,No,
101,60000.0,3,2,43.0,1,1,0,2,0,1,1,Yes,
102,10000.0,2,0,49.0,0,1,1,3,1,2,0,No,
103,60000.0,1,1,45.0,1,1,1,0,1,10,1,No,
104,70000.0,2,2,49.0,1,0,2,2,1,10,1,Yes,
105,30000.0,0,1,30.0,1,0,1,1,0,5,0,No,
106,60000.0,2,2,52.0,0,1,1,0,1,10,1,Yes,
107,55000.0,2,2,53.0,1,0,1,0,0,2,1,Yes,
108,40000.0,0,0,38.0,0,0,0,1,1,1,0,Yes,
109,40000.0,0,0,39.0,1,1,0,2,0,1,0,Yes,
110,20000.0,1,0,46.0,1,0,1,3,0,1,0,Yes,
111,70000.0,0,1,38.0,1,0,0,2,0,10,1,No,
112,40000.0,2,2,35.0,1,0,1,1,1,2,0,No,
113,130000.0,1,1,36.0,1,0,4,4,0,1,1,Yes,
114,20000.0,0,0,26.0,0,1,0,1,1,1,1,Yes,
115,33636.36363636363,0,0,30.0,1,1,4,3,0,1,0,Yes,
116,30000.0,1,2,42.0,0,0,0,0,1,1,0,No,
117,20000.0,2,0,40.0,1,0,2,3,1,1,0,Yes,
118,80000.0,5,2,62.0,0,1,0,4,1,5,0,No,
119,30000.0,0,1,29.0,1,0,1,1,0,5,0,No,
120,40000.0,2,2,66.0,0,0,0,4,1,10,1,Yes,
121,70000.0,2,4,48.0,0,1,2,2,1,1,0,No,
122,80000.0,0,3,31.0,1,0,0,2,0,11,1,No,
123,100000.0,3,4,56.0,1,0,1,4,0,10,0,No,
124,40000.0,0,0,38.0,1,0,0,1,0,1,0,Yes,
125,80000.0,5,4,40.0,0,1,0,2,1,2,1,No,
126,30000.0,0,1,32.0,1,1,1,1,1,5,0,No,
127,30000.0,1,1,39.0,0,1,0,1,1,5,0,No,
128,10000.0,2,1,52.0,1,1,1,3,1,1,0,Yes,
129,15000.0,3,1,39.0,1,1,2,3,1,1,0,Yes,
130,60000.0,2,1,37.0,0,1,0,2,1,5,1,No,
131,90000.0,4,3,56.0,0,1,2,4,1,10,0,Yes,
132,35000.0,0,0,40.0,0,1,0,2,1,1,0,Yes,
133,40000.0,2,2,65.0,1,1,0,4,1,10,1,Yes,
134,30000.0,2,2,42.0,1,0,1,1,1,1,0,No,
135,10000.0,2,1,52.0,0,1,1,3,1,5,0,No,
136,10000.0,1,1,35.0,1,0,2,3,0,10,0,Yes,
137,20000.0,2,2,42.0,1,1,2,3,1,1,0,No,
138,20000.0,2,2,55.0,0,0,3,1,1,10,1,Yes,
139,30000.0,2,2,60.0,1,0,1,1,0,10,1,Yes,
140,40000.0,0,0,40.0,1,1,0,2,0,1,0,Yes,
141,10000.0,0,1,26.0,1,0,1,3,0,1,1,Yes,
142,40000.0,1,0,42.0,0,1,0,0,1,1,0,Yes,
143,80000.0,0,3,32.0,0,0,0,2,1,11,1,No,
144,30000.0,1,0,37.0,1,1,0,1,1,2,0,Yes,
145,40000.0,2,1,34.0,0,0,1,1,0,1,0,No,
146,40000.0,0,0,37.0,0,1,4,1,1,1,0,Yes,
147,40000.0,0,0,40.0,0,0,0,2,0,1,0,Yes,
148,20000.0,4,2,60.0,0,1,2,0,1,10,1,No,
149,30000.0,0,1,27.0,1,1,1,1,0,2,0,No,
150,60000.0,1,1,43.0,0,1,1,0,1,10,1,Yes,
151,100000.0,1,3,48.0,1,1,0,4,0,1,1,No,
152,20000.0,0,2,32.0,1,0,3,3,0,2,0,No,
153,100000.0,1,3,47.0,0,1,0,4,1,5,1,No,
154,80000.0,5,3,40.0,1,1,4,4,1,1,1,No,
155,10000.0,4,2,41.0,1,0,3,3,1,1,0,Yes,
156,130000.0,5,4,59.0,0,0,1,2,1,1,0,No,
157,10000.0,2,0,50.0,1,1,1,3,0,1,0,No,
158,20000.0,2,1,54.0,1,0,1,3,0,1,0,Yes,
159,25000.0,1,0,48.0,0,0,0,3,1,1,0,No,
160,60000.0,1,1,44.0,1,0,0,2,1,10,1,Yes,
161,20000.0,2,0,40.0,0,0,2,3,1,1,0,Yes,
162,60000.0,2,1,38.0,1,0,0,2,0,1,1,Yes,
163,40000.0,2,2,52.0,1,1,1,0,0,2,1,No,
164,10000.0,0,1,25.0,0,1,1,3,1,5,1,Yes,
165,10000.0,0,1,25.0,0,0,1,3,0,1,1,No,
166,90000.0,1,1,47.0,1,1,0,2,1,5,1,Yes,
167,100000.0,0,3,35.0,1,1,2,4,1,11,1,No,
168,70000.0,0,1,41.0,1,1,0,2,0,10,1,Yes,
169,30000.0,1,0,47.0,0,1,0,1,1,1,0,No,
170,130000.0,4,4,61.0,0,0,1,2,1,10,0,Yes,
171,80000.0,5,2,61.0,0,0,0,4,1,5,0,No,
172,10000.0,0,2,33.0,0,1,3,3,0,1,0,No,
173,10000.0,0,1,27.0,0,0,1,3,1,5,1,No,
174,50000.0,0,0,37.0,1,1,4,0,1,1,0,Yes,
175,80000.0,2,2,52.0,1,0,1,0,1,10,1,Yes,
176,20000.0,0,0,29.0,1,0,1,3,1,1,1,Yes,
177,110000.0,2,3,48.0,1,0,1,2,0,10,0,No,
178,160000.0,4,2,55.0,0,1,1,2,0,11,0,Yes,
179,10000.0,0,0,37.0,0,0,4,3,1,1,0,Yes,
180,10000.0,1,0,44.0,1,1,4,3,1,1,0,No,
181,30000.0,3,2,55.0,0,0,1,1,0,2,1,Yes,
182,10000.0,2,1,38.0,0,0,2,3,0,1,0,No,
183,40000.0,2,2,66.0,1,1,0,4,1,10,1,Yes,
184,130000.0,4,4,58.0,0,0,2,4,0,11,0,No,
185,90000.0,1,1,47.0,0,0,0,2,1,5,1,Yes,
186,30000.0,3,2,56.0,0,0,2,0,0,2,1,Yes,
187,80000.0,5,2,59.0,1,1,1,2,0,11,0,No,
188,70000.0,0,4,32.0,0,0,0,2,1,11,1,Yes,
189,30000.0,1,1,44.0,0,1,1,1,1,1,0,Yes,
190,30000.0,3,2,55.0,0,1,2,0,1,10,1,No,
191,10000.0,2,0,36.0,1,1,2,3,1,1,0,Yes,
192,80000.0,5,2,62.0,1,0,0,4,1,11,0,No,
193,70000.0,5,4,41.0,0,0,0,2,1,11,1,No,
194,10000.0,0,2,32.0,1,0,3,3,0,1,0,No,
195,20000.0,0,0,25.0,1,1,0,1,1,1,1,Yes,
196,50000.0,0,0,36.0,1,0,4,0,1,2,0,No,
197,60000.0,2,1,67.0,0,1,4,4,1,1,1,Yes,
198,100000.0,0,1,39.0,1,0,4,4,0,2,1,Yes,
199,80000.0,0,3,33.0,1,1,0,2,0,11,1,Yes,
200,60000.0,0,3,31.0,1,1,0,2,0,5,1,No,
201,10000.0,1,0,27.0,0,1,2,3,1,5,1,Yes,
202,40000.0,2,0,33.0,1,1,1,1,1,2,0,Yes,
203,60000.0,1,1,46.0,1,0,1,0,1,10,1,Yes,
204,90000.0,3,1,51.0,1,0,2,2,0,5,0,No,
205,30000.0,3,0,46.0,0,1,4,1,1,1,0,Yes,
206,90000.0,5,2,62.0,1,1,1,2,0,11,0,No,
207,20000.0,0,2,26.0,1,0,3,3,1,2,0,Yes,
208,35000.0,0,0,37.0,1,0,4,1,1,1,0,Yes,
209,30000.0,3,0,42.0,1,0,1,1,1,1,0,Yes,
210,110000.0,4,1,36.0,0,0,4,4,1,1,1,No,
211,46666.666666666664,0,0,36.0,0,0,4,0,1,1,0,Yes,
212,30000.0,0,1,30.0,1,0,1,1,0,5,0,No,
213,70000.0,0,4,31.0,1,1,0,2,0,11,1,Yes,
214,30000.0,1,0,65.0,0,1,0,1,1,1,0,Yes,
215,80000.0,4,2,54.0,1,1,1,2,0,5,0,Yes,
216,20000.0,2,3,54.0,0,1,3,1,1,10,1,No,
217,20000.0,0,2,25.0,1,0,3,3,0,1,0,No,
218,10000.0,1,0,48.0,1,1,0,3,1,1,0,No,
219,10000.0,0,1,26.0,1,1,1,3,1,2,1,Yes,
220,60000.0,1,1,43.0,0,1,0,2,1,10,1,Yes,
221,10000.0,0,2,35.0,1,1,3,3,0,2,0,No,
222,30000.0,3,0,42.0,0,0,1,1,0,1,0,No,
223,70000.0,5,4,39.0,1,0,0,2,1,11,1,No,
224,30000.0,2,2,67.0,0,0,1,1,0,1,1,No,
225,20000.0,1,0,63.0,0,1,1,3,1,2,0,No,
226,20000.0,3,1,42.0,1,0,2,3,1,1,0,Yes,
227,10000.0,3,2,43.0,0,1,3,3,1,1,0,No,
228,20000.0,1,0,45.0,0,0,4,1,1,1,0,No,
229,80000.0,5,3,57.0,1,1,2,4,1,11,0,No,
230,120000.0,4,3,56.0,0,1,1,4,1,11,0,No,
231,40000.0,0,0,38.0,0,0,0,1,1,1,0,Yes,
232,30000.0,4,0,45.0,0,0,4,1,1,1,0,No,
233,20000.0,0,0,27.0,0,1,0,1,1,1,1,Yes,
234,90000.0,0,4,35.0,1,1,0,2,0,11,1,Yes,
235,10000.0,1,0,70.0,0,0,4,1,1,1,0,Yes,
236,30000.0,5,0,44.0,1,0,4,1,1,1,0,Yes,
237,10000.0,0,1,26.0,0,0,1,3,0,1,1,Yes,
238,70000.0,5,3,46.0,0,1,1,0,1,10,1,No,
239,30000.0,0,1,34.0,1,0,2,3,0,5,0,Yes,
240,10000.0,1,0,37.0,0,1,4,3,1,1,0,No,
241,30000.0,3,2,27.0,1,0,1,1,1,1,0,No,
242,30000.0,1,1,39.0,1,1,0,1,0,1,0,Yes,
243,20000.0,0,1,29.0,1,0,2,3,0,5,0,No,
244,120000.0,3,2,52.0,0,0,0,4,0,11,0,Yes,
245,110000.0,5,4,48.0,0,1,0,4,1,5,1,Yes,
246,130000.0,3,3,51.0,0,0,1,2,1,1,0,Yes,
247,100000.0,0,4,34.0,0,0,2,4,1,11,1,Yes,
248,15000.0,5,3,62.0,0,0,2,0,0,2,1,No,
249,70000.0,0,1,37.0,1,1,0,2,1,10,1,Yes,
250,100000.0,5,1,78.0,0,1,4,4,0,2,1,Yes,
251,130000.0,4,3,55.0,0,1,2,2,1,1,0,No,
252,60000.0,0,4,31.0,1,1,0,2,0,5,1,No,
253,12727.272727272728,3,0,59.0,0,1,3,2,1,11,0,Yes,
254,17500.0,2,2,57.0,1,1,3,1,1,10,1,No,
255,30000.0,3,0,47.0,1,0,4,1,1,1,0,Yes,
256,24166.666666666668,1,0,43.0,0,1,4,1,1,1,0,No,
257,50000.0,0,0,36.0,1,0,4,0,1,1,0,Yes,
258,100000.0,3,4,56.0,1,0,1,4,1,11,0,No,
259,150000.0,0,4,37.0,0,1,0,4,1,1,1,Yes,
260,30000.0,2,0,43.0,1,0,1,1,1,1,0,No,
261,40000.0,1,1,33.0,0,0,0,0,1,2,0,Yes,
262,10000.0,2,0,51.0,0,0,1,3,1,2,0,No,
263,70000.0,5,3,39.0,1,0,0,2,1,11,1,No,
264,35000.0,0,0,37.0,0,1,4,1,1,1,0,Yes,
265,30000.0,2,2,42.0,1,0,1,1,1,1,0,No,
266,20000.0,5,2,27.0,1,0,2,3,1,1,0,No,
267,100000.0,5,1,47.0,1,1,0,2,1,10,1,Yes,
268,70000.0,5,3,45.0,0,1,1,0,1,10,1,No,
269,50000.0,0,0,37.0,1,0,4,0,0,1,0,Yes,
270,10000.0,2,0,51.0,1,0,1,3,1,1,0,Yes,
271,20000.0,0,1,28.0,1,0,2,3,0,2,0,No,
272,10000.0,4,1,40.0,0,1,3,3,1,1,0,Yes,
273,20000.0,0,1,30.0,1,0,2,3,0,5,0,No,
274,30000.0,0,0,36.0,0,0,0,1,0,1,0,Yes,
275,90000.0,1,0,37.0,0,0,4,4,1,1,1,Yes,
276,10000.0,2,0,49.0,0,0,1,3,1,2,0,No,
277,10000.0,2,0,37.0,0,0,2,3,1,1,0,Yes,
278,100000.0,0,3,35.0,0,1,2,4,1,11,1,Yes,
279,30000.0,1,0,38.0,1,1,0,1,0,1,0,Yes,
280,10000.0,3,2,43.0,1,0,3,3,1,1,0,No,
281,20000.0,1,0,37.0,1,1,1,3,0,1,0,No,
282,10000.0,0,2,34.0,1,1,3,3,0,1,0,No,
283,70000.0,5,3,46.0,0,0,1,0,0,10,1,No,
284,10000.0,1,0,49.0,1,1,1,3,1,1,0,No,
285,60000.0,1,1,45.0,0,0,1,0,1,10,1,No,
286,100000.0,1,4,48.0,1,0,0,4,1,5,1,No,
287,30000.0,3,0,46.0,1,0,4,1,0,1,0,Yes,
288,130000.0,0,0,48.0,0,1,4,4,1,10,1,No,
289,30000.0,3,2,54.0,0,1,2,0,1,10,1,Yes,
290,60000.0,1,1,46.0,1,0,1,0,0,1,1,Yes,
291,40000.0,0,0,38.0,0,1,0,1,0,1,0,Yes,
292,40000.0,1,0,48.88235294117647,0,0,0,0,1,1,0,Yes,
293,10000.0,1,1,46.0,1,0,2,3,0,5,0,Yes,
294,20000.0,0,1,36.0,1,1,1,3,0,5,0,Yes,
295,110000.0,0,3,32.0,1,0,1,4,1,11,1,Yes,
296,60000.0,2,1,39.0,1,0,0,2,0,1,1,Yes,
297,100000.0,1,0,36.0,0,1,4,4,1,5,1,Yes,
298,90000.0,4,2,54.0,0,0,2,2,0,5,0,Yes,
299,30000.0,2,2,69.0,0,0,1,1,0,10,1,No,
300,10000.0,5,2,62.0,1,0,2,0,0,2,1,No,
301,20000.0,0,0,28.0,0,0,0,1,0,1,1,Yes,
302,80000.0,1,0,62.0,1,1,0,1,1,1,0,Yes,
303,30000.0,1,2,40.0,0,0,0,0,1,1,0,No,
304,80000.0,4,1,36.0,0,1,4,4,1,1,1,Yes,
305,10000.0,2,2,58.0,1,1,3,1,1,10,1,No,
306,90000.0,2,0,40.0,0,1,0,2,1,2,1,Yes,
307,10000.0,2,1,66.0,0,1,0,1,1,1,0,No,
308,40000.0,2,1,35.0,0,1,1,1,1,2,0,Yes,
309,20000.0,2,1,47.0,0,0,1,3,1,5,0,Yes,
310,95000.0,4,1,47.0,0,1,0,4,1,5,1,No,
311,60000.0,1,1,46.0,0,1,1,0,1,10,1,No,
312,20000.0,4,2,58.0,0,1,2,0,1,10,1,Yes,
313,27291.666666666668,3,2,52.0,1,1,3,1,0,10,1,Yes,
314,95000.0,5,1,47.0,0,1,0,2,0,1,1,Yes,
315,66666.66666666667,0,1,41.0,1,1,0,2,0,10,1,No,
316,77000.0,2,1,64.0,0,1,4,4,1,10,1,Yes,
317,30000.0,0,0,35.0,0,1,0,1,1,1,0,Yes,
318,130000.0,4,3,54.0,0,1,1,2,0,11,0,No,
319,30000.0,3,0,45.0,0,0,0,1,1,1,0,No,
320,100000.0,0,0,40.0,0,1,4,4,1,5,1,Yes,
321,160000.0,0,3,47.0,1,0,4,4,0,1,1,Yes,
322,10000.0,4,2,40.333333333333336,1,0,3,3,1,1,0,Yes,
323,40000.0,0,0,37.0,1,0,4,1,0,1,0,Yes,
324,90000.0,4,0,43.666666666666664,0,1,0,2,1,2,1,Yes,
325,40000.0,2,2,36.0,1,1,1,1,0,1,0,Yes,
326,20000.0,0,0,26.0,0,0,0,1,0,1,1,Yes,
327,30000.0,1,2,40.0,0,1,0,0,1,1,0,No,
328,40000.0,2,2,36.0,1,1,1,1,1,2,0,No,
329,90000.0,5,2,59.0,0,0,3,0,1,11,0,No,
330,80000.0,0,3,32.0,1,0,0,2,1,11,1,No,
331,10000.0,0,2,30.0,0,1,3,3,0,1,0,No,
332,20000.0,0,2,35.0,1,0,3,3,0,2,0,Yes,
333,130000.0,3,4,51.0,0,1,2,2,1,10,0,Yes,
334,90000.0,2,1,47.0,0,1,0,2,1,10,1,No,
335,80000.0,5,2,39.0,0,0,4,4,0,1,1,No,
336,20000.0,0,2,34.0,1,1,3,3,0,1,0,No,
337,10000.0,0,2,32.0,0,1,3,3,1,1,0,No,
338,120000.0,3,4,50.0,1,0,2,2,1,10,0,Yes,
339,20000.0,1,0,66.0,0,1,0,1,1,1,0,No,
340,30000.0,0,1,30.0,1,1,1,1,1,5,0,No,
341,30000.0,0,1,32.0,1,0,2,3,0,5,0,Yes,
342,10000.0,0,2,35.0,1,1,3,3,1,2,0,No,
343,30000.0,0,1,32.0,1,0,2,3,0,5,0,No,
344,30000.0,0,1,31.0,1,1,1,1,0,5,0,Yes,
345,20000.0,1,0,50.0,0,0,0,1,1,1,0,Yes,
346,40000.0,1,0,43.0,0,1,0,0,0,1,0,Yes,
347,60000.0,1,1,45.0,1,0,1,0,0,1,1,Yes,
348,20000.0,2,2,42.0,0,1,2,3,1,1,0,No,
349,30000.0,0,1,29.0,1,0,1,1,0,1,0,Yes,
350,20000.0,0,0,28.0,1,1,1,3,0,1,1,Yes,
351,10000.0,3,0,37.0,1,1,2,3,1,1,0,Yes,
352,80000.0,4,2,53.0,0,0,1,2,1,5,0,No,
353,29583.333333333336,0,0,38.0,1,1,4,1,0,1,0,Yes,
354,30000.0,1,1,39.0,1,1,0,1,0,2,0,No,
355,80000.0,0,3,32.0,1,1,0,2,1,11,1,No,
356,150000.0,3,3,51.0,0,0,2,2,1,1,0,Yes,
357,10000.0,0,2,33.0,1,0,3,3,1,2,0,No,
358,90000.0,4,3,58.0,0,1,2,4,1,10,0,Yes,
359,80000.0,0,3,30.0,0,1,0,2,1,11,1,No,
360,130000.0,0,0,48.0,1,1,4,4,1,5,1,Yes,
361,30000.0,3,2,27.0,1,0,1,1,0,1,0,Yes,
362,40000.0,1,1,33.0,0,1,0,0,1,1,0,Yes,
363,40000.0,2,2,66.0,0,0,0,4,1,1,1,Yes,
364,10000.0,2,1,38.0,1,0,2,3,1,1,0,Yes,
365,40000.0,0,0,38.0,1,0,0,1,0,1,0,Yes,
366,60000.0,1,1,45.0,0,1,1,0,1,1,1,Yes,
367,130000.0,3,3,50.0,0,0,1,2,1,10,0,Yes,
368,30000.0,2,2,60.0,1,0,1,1,0,10,1,Yes,
369,20000.0,2,1,53.0,1,0,1,3,0,1,0,Yes,
370,100000.0,4,1,46.0,0,0,0,2,1,11,1,No,
371,80000.0,5,3,40.0,1,1,4,4,1,1,1,No,
372,40000.0,1,1,43.0,0,1,0,0,1,1,0,Yes,
373,20000.0,0,1,30.0,1,1,2,3,0,5,0,No,
374,80000.0,5,4,38.0,1,0,0,2,1,2,1,No,
375,40000.0,1,1,89.0,0,0,0,0,1,1,0,No,
376,20000.0,1,0,64.0,0,1,0,1,1,1,0,Yes,
377,130000.0,3,3,51.0,0,1,1,2,0,10,0,Yes,
378,30000.0,3,2,56.0,0,1,1,1,0,10,1,No,
379,60000.0,3,2,43.0,0,1,0,2,1,10,1,No,
380,70000.0,0,3,30.0,1,1,0,2,0,11,1,Yes,
381,30000.0,2,2,69.0,0,0,1,1,1,10,1,No,
382,80000.0,4,2,53.0,0,1,1,2,1,11,0,No,
383,40000.0,0,0,37.0,0,1,4,1,1,1,0,Yes,
384,10000.0,0,1,28.0,1,0,1,3,0,1,1,Yes,
385,30000.0,3,0,43.0,1,1,1,1,1,1,0,No,
386,120000.0,0,4,34.0,1,0,3,2,1,11,1,Yes,
387,20000.0,0,2,34.0,1,0,3,3,0,2,0,Yes,
388,30000.0,1,0,64.0,0,0,0,1,1,1,0,No,
389,80000.0,0,1,41.0,0,0,0,2,1,2,1,Yes,
390,70000.0,0,1,38.0,1,1,0,2,0,10,1,No,
391,70000.0,0,1,41.0,1,0,0,2,0,1,1,Yes,
392,20000.0,1,0,51.0,1,1,0,1,0,1,0,No,
393,10000.0,0,2,32.0,0,0,3,3,1,2,0,No,
394,40000.0,0,0,38.0,0,0,0,1,1,1,0,Yes,
395,30000.0,1,0,38.0,0,1,0,1,1,1,0,Yes,
396,60000.0,2,1,38.0,1,1,0,2,1,5,1,Yes,
397,10000.0,2,2,58.0,0,0,3,1,1,10,1,No,
398,30000.0,1,1,39.0,1,1,0,1,1,2,0,Yes,
399,40000.0,2,1,53.0,1,0,0,4,0,10,1,Yes,
400,110000.0,3,4,53.0,1,0,0,4,1,11,0,No,
401,40000.0,1,0,80.0,0,0,0,1,1,1,0,No,
402,10000.0,1,0,44.0,0,1,4,3,1,1,0,No,
403,20000.0,1,0,44.0,0,1,4,1,1,1,0,No,
404,30000.0,3,2,54.0,0,1,2,0,1,10,1,Yes,
405,30000.0,0,0,37.0,0,0,0,1,1,1,0,Yes,
406,40000.0,1,0,41.0,0,0,0,0,1,1,0,No,
407,90000.0,2,0,36.0,1,0,0,2,0,1,1,Yes,
408,40000.0,2,0,33.0,1,0,1,1,1,1,0,No,
409,130000.0,3,4,52.0,0,0,1,2,1,1,0,No,
410,20000.0,2,1,46.0,0,0,1,3,1,1,0,Yes,
411,70000.0,5,2,43.0,0,1,1,0,1,10,1,No,
412,40000.0,2,0,34.0,1,1,1,1,1,1,0,No,
413,30000.0,2,2,67.0,1,0,1,1,0,10,1,No,
414,40000.0,0,0,35.0,0,0,4,1,1,1,0,Yes,
415,80000.0,5,3,40.0,0,0,4,4,1,1,1,No,
416,60000.0,2,1,37.0,1,1,0,2,0,1,1,Yes,
417,30000.0,2,2,67.0,1,0,1,1,0,10,1,No,
418,30000.0,1,2,41.0,0,1,0,0,1,1,0,Yes,
419,90000.0,2,1,51.0,1,1,1,3,1,1,0,Yes,
420,100000.0,2,4,59.0,0,0,0,4,1,11,0,No,
421,10000.0,2,0,51.0,0,1,1,3,1,2,0,No,
422,110000.0,0,3,32.0,1,1,1,4,0,11,1,Yes,
423,30000.0,0,1,32.0,1,1,2,3,1,5,0,Yes,
424,10000.0,3,2,43.0,1,0,3,3,1,1,0,No,
425,55603.74149659864,2,2,67.0,0,1,0,4,1,1,1,No,
426,30000.0,0,1,28.0,1,1,1,1,0,5,0,No,
427,90000.0,1,0,36.0,1,0,4,4,1,1,1,Yes,
428,110000.0,4,3,48.0,0,1,0,4,1,5,1,No,
429,30000.0,0,1,31.0,1,0,1,1,1,5,0,No,
430,30000.0,3,2,55.0,1,0,2,0,1,10,1,No,
431,20000.0,0,0,28.0,1,1,1,3,1,1,1,Yes,
432,110000.0,0,3,34.0,0,0,2,4,1,11,1,Yes,
433,39166.66666666667,3,1,26.0,1,0,1,1,0,1,0,No,
434,50000.0,3,2,53.0,0,0,2,0,1,10,1,Yes,
435,31187.5,2,1,68.0,1,0,0,1,0,5,0,No,
436,60000.0,2,2,50.0,0,0,2,0,1,10,1,Yes,
437,30000.0,3,2,28.0,1,0,1,1,1,1,0,Yes,
438,80000.0,0,0,40.0,1,0,4,0,0,1,0,Yes,
439,70000.0,5,2,44.0,0,1,1,0,1,1,1,No,
440,90000.0,0,3,34.0,1,1,0,2,0,11,1,Yes,
441,80000.0,2,2,52.0,0,1,1,0,1,10,1,Yes,
442,80000.0,4,0,36.0,1,1,4,4,1,1,1,Yes,
443,40000.0,1,1,43.0,0,0,0,0,1,1,0,Yes,
444,30000.0,0,1,32.0,1,1,2,3,0,2,0,No,
445,40000.0,1,1,32.0,0,0,0,0,1,2,0,Yes,
446,130000.0,0,1,48.0,0,0,4,4,1,11,1,No,
447,40000.0,1,0,32.0,0,0,0,0,1,2,0,Yes,
448,30000.0,3,0,46.0,0,0,4,1,1,1,0,No,
449,40000.0,1,0,42.0,0,0,0,0,1,1,0,No,
450,10000.0,2,0,36.0,1,0,2,3,1,1,0,Yes,
451,40000.0,1,0,41.0,0,0,0,0,1,1,0,No,
452,30000.0,2,2,69.0,0,0,1,1,0,1,1,No,
453,70000.0,5,2,45.0,1,0,1,0,1,10,1,No,
454,30000.0,0,1,34.0,1,1,2,3,0,5,0,No,
455,80000.0,4,1,53.0,0,0,1,2,0,5,0,Yes,
456,120000.0,3,4,50.0,1,1,2,2,0,10,0,No,
457,20000.0,1,0,65.0,0,0,1,3,1,1,0,No,
458,120000.0,0,4,32.0,0,1,3,2,1,11,1,Yes,
459,80000.0,0,3,33.0,1,0,0,2,0,11,1,No,
460,20000.0,0,2,31.0,1,1,3,3,1,2,0,Yes,
461,120000.0,1,2,46.0,0,0,0,4,1,1,1,Yes,
462,40000.0,0,0,39.0,0,0,0,1,1,1,0,Yes,
463,20000.0,2,1,40.0,1,1,2,3,1,1,0,No,
464,30000.0,3,0,46.0,1,0,0,1,1,1,0,Yes,
465,40000.0,2,2,65.0,0,1,0,4,1,1,1,No,
466,30000.0,3,0,47.0,1,0,0,1,1,1,0,Yes,
467,100000.0,1,3,46.0,1,1,0,4,0,1,1,Yes,
468,80000.0,5,3,40.0,0,0,4,4,1,1,1,No,
469,30000.0,1,0,65.0,0,0,0,1,1,1,0,No,
470,30000.0,0,1,28.0,1,1,2,3,0,2,0,No,
471,70000.0,0,2,43.0,1,1,0,2,0,10,1,Yes,
472,40000.0,0,0,38.0,1,0,4,1,1,1,0,Yes,
473,30000.0,0,0,47.0,0,0,0,1,1,1,0,Yes,
474,90000.0,2,0,36.0,0,0,0,2,0,1,1,Yes,
475,20000.0,4,2,60.0,0,1,2,0,0,2,1,No,
476,70000.0,0,1,42.0,1,0,0,2,1,10,1,Yes,
477,70000.0,2,2,50.0,0,1,2,0,0,2,1,Yes,
478,30000.0,0,0,35.0,0,1,0,1,1,1,0,Yes,
479,40000.0,1,1,32.0,0,1,0,0,1,1,0,Yes,
480,90000.0,1,1,46.0,0,0,0,2,1,10,1,No,
481,40000.0,2,0,33.0,1,0,1,1,1,2,0,Yes,
482,40000.0,0,0,36.0,1,1,4,1,0,1,0,Yes,
483,10000.0,1,0,70.0,0,1,4,1,1,1,0,No,
484,30000.0,0,1,31.0,1,0,1,1,0,5,0,Yes,
485,30000.0,2,2,42.0,1,1,1,1,1,1,0,No,
486,90000.0,4,4,58.0,0,0,3,0,1,11,0,No,
487,40000.0,0,0,39.0,0,1,0,1,1,1,0,No,
488,10000.0,0,2,34.0,1,0,3,3,1,2,0,No,
489,20000.0,0,2,32.0,0,1,3,3,1,1,0,No,
490,60000.0,4,0,46.0,0,1,0,2,1,5,2,No,
491,70000.0,2,2,48.0,0,1,3,0,1,10,2,No,
492,40000.0,3,1,31.0,1,0,1,1,1,2,2,Yes,
493,70000.0,5,3,60.0,1,1,0,4,1,11,2,Yes,
494,70000.0,4,0,51.0,0,1,2,2,1,10,2,No,
495,60000.0,2,2,56.0,0,1,1,2,1,11,2,No,
496,60000.0,3,1,40.0,1,0,0,0,1,5,2,Yes,
497,70000.0,1,0,34.0,1,0,4,2,1,5,2,Yes,
498,80000.0,1,1,48.0,0,1,1,0,1,5,2,Yes,
499,40000.0,0,2,31.0,1,0,2,0,0,2,2,Yes,
500,60000.0,5,1,47.0,0,1,0,2,1,5,2,No,
501,50000.0,0,0,34.0,0,0,4,0,1,1,2,No,
502,40000.0,0,1,29.0,0,1,1,0,1,10,2,No,
503,130000.0,1,4,44.0,0,0,0,4,1,5,2,Yes,
504,70000.0,2,1,38.0,0,1,0,0,1,5,2,Yes,
505,100000.0,4,4,40.0,0,1,1,2,1,1,2,No,
506,70000.0,4,2,42.0,0,0,0,2,1,5,2,Yes,
507,40000.0,1,1,51.0,0,0,1,1,1,2,2,Yes,
508,60000.0,0,2,29.0,0,1,1,0,0,2,2,No,
509,60000.0,3,1,48.0,0,1,0,2,1,5,2,Yes,
510,70000.0,0,1,37.0,1,1,0,2,0,5,2,Yes,
511,80000.0,4,2,66.0,1,1,0,4,1,10,2,Yes,
512,60000.0,1,1,45.0,0,0,1,0,1,1,2,Yes,
513,73333.33333333334,4,2,61.0,1,0,4,4,1,11,2,Yes,
514,40000.0,0,1,45.0,1,1,0,2,0,5,2,No,
515,60000.0,5,2,47.0,0,0,0,2,1,5,2,No,
516,60000.0,2,2,49.0,0,0,2,2,1,10,2,No,
517,60000.0,3,0,47.0,1,1,0,2,0,1,2,Yes,
518,80000.0,0,1,34.0,0,0,0,4,1,2,2,Yes,
519,50000.0,5,2,64.0,0,1,0,4,1,2,2,No,
520,70000.0,1,3,44.0,1,1,1,2,0,2,2,No,
521,40000.0,4,2,62.0,1,1,2,2,1,11,2,Yes,
522,60000.0,3,1,47.0,1,1,0,2,0,1,2,Yes,
523,80000.0,3,2,49.0,0,1,1,2,0,1,2,Yes,
524,80000.0,4,2,67.0,1,0,4,4,1,10,2,No,
525,60000.0,5,3,59.0,1,1,0,4,1,11,2,Yes,
526,110000.0,1,2,44.0,0,0,0,4,1,2,2,No,
527,50000.0,1,0,36.0,0,1,0,0,1,1,2,No,
528,30000.0,0,1,28.0,1,0,1,0,1,10,2,No,
529,60000.0,2,1,57.0,0,1,1,2,1,11,2,Yes,
530,60000.0,0,1,27.0,0,1,1,0,1,10,2,Yes,
531,30000.0,0,2,28.0,1,1,3,1,1,10,2,No,
532,60000.0,1,1,44.0,1,0,0,2,0,1,2,Yes,
533,60000.0,3,2,66.0,0,1,0,4,1,11,2,No,
534,40000.0,4,2,64.0,0,1,2,2,1,11,2,No,
535,50000.0,3,3,41.0,0,1,0,0,1,11,2,No,
536,80000.0,3,1,41.0,1,0,0,0,1,1,2,Yes,
537,40000.0,1,1,46.81818181818182,0,0,1,1,1,2,2,Yes,
538,80000.0,4,0,42.0,0,0,0,4,1,1,2,No,
539,70000.0,0,1,37.0,1,0,0,2,0,5,2,Yes,
540,70000.0,3,2,52.0,1,0,4,4,1,2,2,No,
541,50000.0,1,0,34.0,0,1,4,0,1,2,2,No,
542,40000.0,0,2,29.0,0,1,2,0,1,10,2,No,
543,70000.0,2,2,53.0,0,0,2,2,1,5,2,No,
544,120000.0,2,4,40.0,1,1,0,4,0,2,2,No,
545,60000.0,0,2,29.0,1,1,1,0,0,2,2,No,
546,60000.0,4,2,43.0,0,1,0,2,1,5,2,Yes,
547,60000.0,2,2,55.0,0,1,2,2,1,5,2,Yes,
548,80000.0,4,0,48.0,1,0,4,0,0,1,2,No,
549,130000.0,1,3,45.0,0,0,0,4,1,1,2,Yes,
550,70000.0,0,1,42.0,1,0,0,2,0,1,1,Yes,
551,50000.0,4,2,63.0,0,0,0,4,1,11,2,No,
552,60000.0,3,2,54.0,1,1,2,2,1,11,2,Yes,
553,40000.0,3,2,73.0,0,1,1,2,0,10,2,Yes,
554,60000.0,2,0,36.0,0,0,4,2,1,5,2,Yes,
555,50000.0,0,1,39.0,1,1,1,0,0,5,2,Yes,
556,80000.0,4,0,42.0,0,1,0,4,1,2,2,No,
557,40000.0,3,0,31.0,0,0,1,1,1,2,2,No,
558,50000.0,3,2,41.0,0,0,0,0,1,1,2,No,
559,60000.0,2,0,58.0,1,0,0,4,1,11,2,No,
560,60000.0,0,0,40.0,0,0,4,2,1,1,2,No,
561,20000.0,2,2,48.0,0,0,3,1,0,1,2,No,
562,70000.0,2,0,34.0,0,0,4,2,1,5,2,Yes,
563,30000.0,0,1,28.0,1,0,1,0,1,10,2,No,
564,30000.0,0,1,27.0,1,1,1,0,1,10,2,No,
565,40000.0,3,2,54.0,0,1,1,2,0,10,2,Yes,
566,60000.0,2,2,70.0,0,0,4,4,1,10,2,No,
567,40000.0,1,1,48.0,0,1,1,1,1,2,2,Yes,
568,70000.0,1,1,44.0,0,1,1,0,1,5,2,Yes,
569,50000.0,3,2,69.0,1,1,4,4,1,11,2,No,
570,70000.0,3,2,52.0,0,1,3,0,1,10,2,No,
571,40000.0,2,2,55.0,0,1,3,0,1,5,2,No,
572,30000.0,0,2,30.0,1,1,2,0,1,10,2,No,
573,60000.0,3,2,63.0,0,1,4,4,1,2,2,No,
574,80000.0,0,1,34.0,1,0,0,4,1,2,2,Yes,
575,60000.0,2,1,56.0,1,1,1,2,1,11,2,No,
576,40000.0,0,1,31.0,1,0,2,0,1,10,2,No,
577,120000.0,1,4,38.0,0,1,0,4,1,1,2,No,
578,60000.0,4,2,59.0,0,1,0,4,1,5,2,No,
579,40000.0,3,2,32.0,1,0,1,1,0,1,2,No,
580,60000.0,3,2,69.0,0,0,4,4,1,11,2,No,
581,40000.0,0,1,28.0,0,1,1,0,1,10,2,No,
582,80000.0,4,0,47.0,0,1,4,0,1,2,2,No,
583,60000.0,3,2,66.0,0,1,0,4,1,11,2,No,
584,70000.0,2,1,37.0,1,1,0,0,0,1,2,Yes,
585,120000.0,2,3,39.0,1,1,0,4,0,1,2,Yes,
586,60000.0,2,2,51.0,0,1,2,2,0,2,2,No,
587,130000.0,0,3,40.0,0,0,4,4,1,2,2,No,
588,90000.0,2,1,51.0,0,0,2,2,1,11,2,Yes,
589,60000.0,2,0,57.0,1,1,0,4,1,11,2,No,
590,60000.0,1,0,35.0,0,0,4,2,0,1,2,Yes,
591,40000.0,4,2,61.0,0,1,2,2,0,11,2,Yes,
592,80000.0,5,2,44.0,1,0,1,2,1,10,2,No,
593,70000.0,2,0,49.0,1,0,1,2,1,10,2,Yes,
594,80000.0,4,2,70.0,0,1,4,4,1,10,2,No,
595,20000.0,3,2,78.0,1,0,2,0,1,5,2,No,
596,90000.0,4,1,45.0,0,0,1,2,1,2,2,No,
597,40000.0,2,1,58.0,1,1,2,2,0,5,2,Yes,
598,130000.0,1,4,41.0,0,1,4,4,1,1,2,No,
599,60000.0,2,1,57.0,0,0,1,2,1,5,2,Yes,
600,30000.0,2,2,49.0,0,1,2,0,0,1,2,No,
601,80000.0,4,2,43.0,1,0,1,2,0,1,2,No,
602,60000.0,2,2,52.0,1,1,3,0,1,10,2,Yes,
603,60000.0,1,0,35.0,0,1,4,2,1,1,2,Yes,
604,40000.0,0,2,27.0,0,1,2,0,1,10,2,No,
605,70000.0,3,0,52.0,1,1,2,2,1,10,2,Yes,
606,40000.0,2,0,36.0,1,1,0,0,1,5,2,No,
607,70000.0,5,3,46.0,1,0,4,2,1,11,2,Yes,
608,60000.0,3,2,52.0,0,1,3,0,1,10,2,Yes,
609,70000.0,0,1,43.0,0,1,0,2,0,1,2,No,
610,60000.0,1,1,44.0,0,1,1,0,1,5,2,No,
611,80000.0,0,1,34.0,0,0,0,4,1,2,2,Yes,
612,30000.0,0,2,27.0,1,0,3,1,1,10,2,No,
613,110000.0,1,4,45.0,1,1,1,2,1,10,2,Yes,
614,100000.0,3,4,45.0,0,0,1,2,1,2,2,No,
615,60000.0,4,0,47.0,1,0,4,0,0,1,2,Yes,
616,80000.0,4,0,47.0,1,0,4,0,1,2,2,No,
617,40000.0,4,2,44.0,0,1,2,0,1,5,2,Yes,
618,20000.0,3,2,49.0,1,0,3,1,0,1,2,No,
619,40000.0,0,1,30.0,1,0,2,0,1,10,2,No,
620,100000.0,4,4,41.0,0,0,1,2,1,5,2,Yes,
621,70000.0,4,1,58.0,0,1,0,4,1,2,2,No,
622,60000.0,5,1,47.0,0,1,0,2,1,5,2,No,
623,70000.0,4,1,55.0,0,0,1,2,1,2,2,No,
624,70000.0,0,2,27.0,1,0,1,0,0,1,2,Yes,
625,60000.0,3,2,67.0,0,1,4,4,1,2,2,No,
626,60000.0,0,2,29.0,0,0,1,0,1,10,2,No,
627,60000.0,3,2,67.0,0,0,4,4,1,2,2,No,
628,80000.0,3,1,51.0,1,1,1,2,0,2,2,Yes,
629,50000.0,1,0,35.0,0,0,4,0,1,1,2,No,
630,40000.0,0,2,30.0,0,1,2,0,0,2,2,No,
631,70000.0,5,3,44.0,1,1,1,2,1,5,2,No,
632,80000.0,4,0,48.0,1,0,4,0,1,2,2,No,
633,130000.0,1,2,45.0,0,0,0,4,1,1,2,Yes,
634,60000.0,3,2,66.0,0,1,0,4,0,2,2,No,
635,30000.0,2,2,49.0,1,0,2,0,0,1,2,No,
636,120000.0,4,3,43.0,1,0,1,2,1,10,2,Yes,
637,40000.0,0,2,30.0,1,1,2,0,0,2,2,No,
638,70000.0,3,2,74.0,1,1,4,4,1,10,2,Yes,
639,100000.0,2,3,65.0,0,1,4,4,1,2,2,No,
640,60000.0,2,2,56.0,0,0,1,2,1,5,2,Yes,
641,50000.0,4,2,64.0,0,1,0,4,1,11,2,No,
642,70000.0,3,2,50.0,0,0,1,2,1,10,2,Yes,
643,70000.0,3,0,35.0,0,0,4,2,1,5,2,Yes,
644,60000.0,5,3,41.0,0,0,0,0,1,11,2,No,
645,60000.0,0,0,39.0,1,0,4,0,1,1,2,No,
646,75000.0,4,0,47.0,1,0,4,0,1,2,2,No,
647,40000.0,0,2,31.0,1,1,2,0,1,10,2,No,
648,60000.0,2,1,58.0,1,0,0,4,0,5,2,Yes,
649,73333.33333333333,0,1,38.0,1,0,0,2,0,5,2,Yes,
650,70000.0,5,2,67.0,1,0,4,4,1,11,2,Yes,
651,60000.0,0,2,32.0,1,1,1,2,0,2,2,Yes,
652,70000.0,5,3,45.0,0,1,1,2,0,10,2,No,
653,40000.0,0,2,31.0,1,1,2,0,0,2,2,Yes,
654,40000.0,0,2,31.0,1,1,2,0,0,2,2,Yes,
655,40000.0,3,1,31.0,0,0,1,1,1,1,2,No,
656,60000.0,2,2,50.0,0,1,2,2,0,10,2,No,
657,70000.0,1,1,44.0,0,1,1,0,1,1,2,No,
658,81111.11111111111,2,1,38.0,1,1,0,0,1,5,2,Yes,
659,60000.0,4,2,63.0,1,0,0,4,1,11,2,No,
660,60000.0,1,0,36.0,0,0,4,2,1,5,2,Yes,
661,40000.0,0,2,28.0,1,1,2,0,0,1,2,Yes,
662,100000.0,1,3,44.0,1,0,1,2,0,2,2,No,
663,75000.0,5,1,47.0,0,0,4,2,1,1,2,No,
664,80000.0,0,0,40.0,0,0,4,0,1,2,2,Yes,
665,130000.0,1,4,40.0,0,1,4,4,1,1,2,No,
666,60000.0,1,1,46.0,0,0,1,0,1,5,2,Yes,
667,40000.0,5,2,61.0,0,0,2,2,0,11,2,No,
668,60000.0,0,0,40.0,0,0,4,2,1,1,2,No,
669,60000.0,2,2,50.0,0,0,2,2,1,10,2,No,
670,70000.0,2,1,59.0,0,1,1,2,1,11,2,No,
671,60000.0,1,0,36.0,1,0,4,2,1,5,2,Yes,
672,40000.0,0,2,30.0,1,0,2,0,1,10,2,No,
673,70000.0,4,0,35.0,1,0,4,2,1,5,2,Yes,
674,30000.0,2,2,48.0,0,0,2,0,1,2,2,No,
675,100000.0,3,4,41.0,0,1,0,4,1,1,2,No,
676,40000.0,2,1,47.0,0,1,1,1,1,1,2,No,
677,60000.0,4,0,47.0,0,1,4,0,0,1,2,No,
678,80000.0,5,2,62.0,0,1,0,4,0,5,0,No,
679,60000.0,4,2,60.0,0,1,0,4,1,11,2,No,
680,60000.0,0,1,33.0,0,0,1,0,0,2,2,No,
681,80000.0,4,0,47.0,1,0,4,0,0,1,2,No,
682,20000.0,3,2,52.0,0,1,3,1,0,1,2,No,
683,90000.0,5,3,40.0,0,0,1,2,1,5,2,No,
684,60000.0,4,2,42.0,1,0,0,0,0,1,2,No,
685,60000.0,3,2,53.0,1,0,4,4,1,10,2,Yes,
686,40000.0,1,1,51.0,0,0,1,1,1,2,2,Yes,
687,30000.0,0,2,30.0,1,1,1,0,1,10,2,No,
688,60000.0,4,2,43.0,1,1,0,0,0,1,2,No,
689,30000.0,0,2,26.0,0,1,2,0,1,10,2,No,
690,130000.0,1,1,45.0,1,0,0,4,0,5,2,No,
691,50000.0,1,0,34.0,0,1,0,0,1,1,2,Yes,
692,70000.0,1,1,44.0,0,1,0,2,1,5,2,Yes,
693,60000.0,4,2,41.0,1,0,0,0,0,1,2,Yes,
694,80000.0,3,0,36.0,1,0,4,2,0,1,2,Yes,
695,80000.0,5,2,44.0,0,1,1,2,1,1,2,No,
696,60000.0,0,2,30.0,1,1,1,2,0,2,2,No,
697,30000.0,0,2,28.0,0,0,3,1,0,1,2,No,
698,20000.0,2,2,49.0,0,1,3,1,1,2,2,No,
699,90000.0,0,2,43.0,1,1,1,2,0,1,2,Yes,
700,70000.0,4,1,59.0,0,0,0,4,1,2,2,No,
701,30000.0,0,2,26.0,1,1,2,0,1,10,2,No,
702,120000.0,1,4,46.0,0,1,2,2,1,10,2,Yes,
703,50000.0,0,0,33.0,1,0,4,0,1,2,2,No,
704,40000.0,0,1,42.0,1,0,0,2,1,5,2,Yes,
705,70000.0,4,1,59.0,0,0,0,4,1,11,2,No,
706,60000.0,0,1,33.0,1,0,1,0,0,2,2,Yes,
707,70000.0,1,1,44.0,0,0,1,0,1,1,2,Yes,
708,70000.0,5,4,60.0,0,1,0,4,1,11,2,No,
709,70000.0,2,1,59.0,1,0,0,4,1,11,2,No,
710,60000.0,0,2,32.0,0,1,2,2,1,10,2,Yes,
711,70000.0,2,1,58.0,0,0,1,2,1,11,2,No,
712,40000.0,2,2,59.0,0,0,2,2,0,5,2,No,
713,70000.0,2,1,38.0,1,0,0,0,1,5,2,No,
714,40000.0,0,2,28.0,0,1,2,0,1,10,2,Yes,
715,60000.0,1,0,37.0,0,0,4,2,1,5,2,Yes,
716,80000.0,0,0,40.0,1,0,4,0,0,1,2,No,
717,90000.0,4,1,38.0,1,1,0,4,1,2,2,Yes,
718,70000.0,4,0,36.0,0,1,4,2,1,5,2,Yes,
719,70000.0,5,2,37.0,0,0,4,2,1,1,2,No,
720,40000.0,5,3,60.0,1,0,2,2,0,5,2,Yes,
721,110000.0,4,4,42.0,1,1,0,4,1,10,2,Yes,
722,70000.0,3,2,53.0,1,0,4,4,0,2,2,No,
723,80000.0,2,2,49.0,1,0,3,0,1,10,2,No,
724,30000.0,2,2,49.0,0,1,2,0,1,2,2,No,
725,130000.0,2,3,42.0,0,1,4,4,1,1,2,Yes,
726,20000.0,2,2,53.0,0,1,2,3,0,1,2,No,
727,70000.0,1,1,46.0,0,1,4,2,1,1,2,Yes,
728,40000.0,0,2,27.0,0,1,2,0,1,10,2,No,
729,60000.0,3,1,48.0,0,0,0,2,1,1,2,Yes,
730,60000.0,4,2,41.0,1,0,0,0,1,5,2,Yes,
731,60000.0,2,2,49.0,0,1,2,2,0,2,2,Yes,
732,60000.0,0,1,44.18996037626441,1,0,4,2,1,5,2,Yes,
733,130000.0,1,4,44.0,1,1,0,4,0,1,2,No,
734,130000.0,1,3,45.0,1,0,0,4,0,1,2,Yes,
735,58244.04761904762,0,1,26.0,1,0,1,0,1,10,2,No,
736,40000.0,0,1,31.0,0,1,2,0,1,10,2,No,
737,70000.0,2,2,49.0,0,1,3,0,0,2,2,No,
738,40000.0,2,1,47.0,1,0,1,1,0,2,2,Yes,
739,60000.0,2,1,55.0,0,0,1,2,1,11,2,No,
740,40000.0,4,0,30.0,0,1,1,1,0,1,2,No,
741,40000.0,1,1,48.0,0,0,1,1,1,2,2,Yes,
742,30000.0,0,2,30.0,1,1,2,0,1,10,2,No,
743,110000.0,1,3,45.0,0,1,0,4,1,10,2,No,
744,70000.0,4,1,56.0,0,0,1,2,1,11,2,No,
745,60000.0,4,0,47.0,0,1,4,0,1,2,2,Yes,
746,60000.0,2,0,56.0,0,0,0,4,1,11,2,No,
747,70000.0,1,1,44.0,1,0,0,2,0,1,2,No,
748,130000.0,2,3,69.0,0,1,4,4,1,5,2,No,
749,70000.0,2,1,59.0,0,0,1,2,1,5,2,No,
750,30000.0,2,2,50.0,0,1,2,0,1,2,2,No,
751,60000.0,1,0,36.0,0,1,4,2,1,5,2,No,
752,60000.0,0,2,32.0,0,1,1,2,1,10,2,No,
753,40000.0,0,1,27.0,1,0,1,0,0,2,2,No,
754,40000.0,4,2,59.0,0,0,2,2,1,10,2,Yes,
755,60000.0,3,2,53.0,0,1,2,2,0,5,2,No,
756,40000.0,1,1,36.0,0,1,0,0,0,1,2,Yes,
757,30000.0,1,2,51.0,1,1,2,1,1,2,2,Yes,
758,80000.0,5,0,47.0,1,0,4,0,0,1,2,No,
759,60000.0,3,0,43.0,1,0,4,2,1,5,2,Yes,
760,20000.0,3,2,50.0,1,1,3,1,0,1,2,No,
761,60000.0,5,3,59.0,0,0,0,4,1,11,2,No,
762,50000.0,2,0,37.0,1,1,0,0,1,5,2,Yes,
763,50000.0,1,0,33.0,0,1,4,0,1,1,2,Yes,
764,60000.0,0,1,27.0,0,0,1,0,0,2,2,No,
765,70000.0,0,2,34.0,1,0,1,0,1,10,2,Yes,
766,50000.0,4,3,42.0,0,1,0,0,1,11,2,No,
767,60000.0,2,2,57.0,0,0,1,2,1,5,2,Yes,
768,120000.0,1,4,45.0,0,0,2,2,0,5,2,No,
769,100000.0,4,4,40.0,0,0,0,4,1,1,2,No,
770,60000.0,1,0,35.0,0,1,4,0,0,1,2,No,
771,80000.0,1,1,47.0,0,1,1,0,0,1,2,Yes,
772,60000.0,4,0,47.0,1,1,4,0,1,2,2,Yes,
773,60000.0,1,0,34.0,0,0,4,0,1,1,2,No,
774,80000.0,3,0,36.0,0,0,4,2,1,1,2,Yes,
775,70000.0,2,2,54.0,0,1,3,0,1,11,2,No,
776,70000.0,2,1,59.0,1,1,0,4,0,5,2,Yes,
777,40000.0,0,2,27.0,1,1,2,0,1,10,2,No,
778,90000.0,5,3,41.0,0,1,1,2,1,1,2,No,
779,80000.0,3,2,50.0,0,1,1,2,0,5,2,Yes,
780,60000.0,2,1,55.0,0,0,1,2,1,11,2,No,
781,80000.0,4,0,43.0,0,1,0,4,1,1,2,No,
782,70000.0,4,2,43.0,1,1,0,2,1,5,2,Yes,
783,60000.0,4,3,42.0,0,1,0,0,1,10,2,No,
784,10000.0,2,2,53.0,1,0,2,3,1,2,2,Yes,
785,40000.0,0,2,28.0,1,0,2,0,0,1,2,Yes,
786,50000.0,1,1,35.0,0,0,0,0,1,1,2,No,
787,70000.0,2,1,59.0,1,0,0,4,0,5,2,Yes,
788,20000.0,2,2,49.0,1,0,3,1,1,2,2,No,
789,60000.0,2,2,48.0,0,1,2,2,0,2,2,Yes,
790,80000.0,2,2,50.0,1,0,3,0,0,2,2,No,
791,40000.0,0,2,28.0,0,1,2,0,1,10,2,Yes,
792,30000.0,1,1,52.0,1,1,2,1,0,10,2,No,
793,30000.0,1,1,52.0,0,1,2,1,1,5,2,Yes,
794,50000.0,2,2,69.0,0,1,4,4,1,10,2,No,
795,60000.0,2,2,51.0,1,1,2,2,1,10,2,No,
796,70000.0,5,2,57.0,0,1,1,2,1,2,2,Yes,
797,60000.0,0,1,27.0,1,1,1,0,1,10,2,Yes,
798,30000.0,0,2,25.0,1,0,2,0,0,1,2,Yes,
799,50000.0,1,0,33.0,1,0,4,0,1,2,2,Yes,
800,60000.0,4,2,43.0,1,1,0,2,1,5,2,Yes,
801,70000.0,4,2,73.0,0,1,4,4,1,10,2,No,
802,40000.0,0,1,27.0,0,1,1,0,1,10,2,No,
803,40000.0,0,2,28.0,0,1,2,0,1,10,2,Yes,
804,40000.0,0,2,27.0,0,1,2,0,0,1,2,Yes,
805,40000.0,0,2,31.0,1,0,2,0,1,10,2,No,
806,10000.0,2,2,53.0,0,0,2,3,1,2,2,No,
807,60000.0,0,2,32.0,1,0,1,2,0,2,2,Yes,
808,30000.0,2,2,50.0,1,1,2,0,1,2,2,,Yes
809,40000.0,4,2,69.0,0,0,2,2,1,10,2,,No
810,70000.0,3,2,52.0,1,0,4,4,1,10,2,,No
811,60000.0,0,2,31.0,0,1,1,0,0,2,2,,No
812,70000.0,4,2,61.0,1,0,0,4,1,11,2,,No
813,70000.0,2,2,53.0,0,0,2,2,1,11,2,,No
814,70000.0,4,2,62.0,1,0,0,4,1,2,2,,Yes
815,40000.0,0,2,30.0,0,1,1,0,0,2,2,,No
816,60000.0,3,0,43.0,0,0,4,2,1,5,2,,No
817,60000.0,3,0,42.0,0,0,4,2,1,5,2,,No
818,40000.0,0,1,30.0,0,1,1,0,1,10,2,,No
819,40000.0,0,2,30.0,1,0,2,0,1,10,2,,Yes
820,110000.0,1,1,43.0,1,1,0,4,1,10,2,,No
821,60000.0,0,2,33.0,0,1,1,0,1,10,2,,No
822,30000.0,0,2,32.0,0,1,2,0,1,10,2,,No
823,70000.0,4,0,50.0,1,0,2,2,1,10,2,,Yes
824,110000.0,2,3,37.0,1,1,0,4,0,1,2,,Yes
825,70000.0,3,1,52.0,0,1,2,2,0,2,2,,Yes
826,70000.0,4,0,36.0,0,1,4,2,1,5,2,,Yes
827,80000.0,3,2,41.0,1,0,0,0,1,5,2,,Yes
828,40000.0,0,2,26.0,1,0,3,1,1,10,2,,Yes
829,170000.0,1,4,66.0,1,1,4,4,0,1,2,,No
830,60000.0,2,2,51.0,0,1,2,2,0,10,2,,No
831,70000.0,4,2,43.0,0,0,0,2,1,1,2,,Yes
832,60000.0,0,0,39.0,0,0,4,2,1,1,2,,No
833,70000.0,0,1,37.0,1,0,0,2,0,1,2,,Yes
834,70000.0,2,2,54.0,1,0,3,0,0,5,2,,No
835,60000.0,3,0,40.0,1,0,0,0,1,5,2,,Yes
836,40000.0,0,2,28.0,0,0,1,0,1,10,2,,Yes
837,60000.0,1,0,33.0,0,1,4,0,1,1,2,,No
838,80000.0,3,2,41.0,1,0,0,0,1,5,2,,Yes
839,80000.0,3,0,37.0,1,0,4,2,1,1,2,,Yes
840,70000.0,4,2,53.0,0,1,1,2,1,11,2,,Yes
841,120000.0,2,3,64.0,0,1,4,4,1,10,2,,No
842,60000.0,1,1,45.0,0,0,1,0,1,5,2,,Yes
843,80000.0,2,2,52.0,1,1,3,0,0,2,2,,Yes
844,40000.0,5,2,60.0,0,0,2,2,1,11,2,,No
845,20000.0,3,2,50.0,1,0,3,1,1,2,2,,No
846,70000.0,4,1,56.0,0,0,1,2,0,2,2,,Yes
847,40000.0,0,2,29.0,1,0,3,1,1,10,2,,Yes
848,130000.0,0,2,38.0,1,1,4,4,0,1,2,,Yes
849,40000.0,5,2,60.0,0,0,2,2,0,5,2,,No
850,130000.0,2,4,67.0,1,0,0,4,0,1,2,,No
851,60000.0,0,1,32.0,0,1,1,0,1,10,2,,No
852,50000.0,2,1,39.0,1,1,0,0,0,1,2,,Yes
853,60000.0,1,0,44.0,1,1,4,2,1,5,2,,No
854,60000.0,0,2,32.0,0,0,1,2,1,10,2,,No
855,30000.0,0,1,31.0,1,0,1,0,0,2,2,,Yes
856,40000.0,0,1,27.0,1,1,1,0,1,10,2,,No
857,60000.0,1,1,47.0,0,0,0,2,1,1,2,,Yes
858,40000.0,0,1,42.0,0,1,0,2,0,1,2,,Yes
859,30000.0,2,2,49.0,0,1,2,0,1,2,2,,No
860,30000.0,0,1,32.0,1,1,1,0,1,10,2,,No
861,20000.0,2,2,53.0,0,0,2,3,0,2,2,,Yes
862,50000.0,0,0,32.0,0,1,4,0,1,2,2,,No
863,80000.0,0,1,38.0,1,1,0,4,0,1,2,,Yes
864,40000.0,0,2,31.0,1,1,2,0,1,10,2,,No
865,80000.0,0,1,38.0,1,0,0,4,0,1,2,,Yes
866,60000.0,2,2,55.0,0,1,2,2,1,11,2,,No
867,70000.0,3,1,49.0,0,1,1,2,1,10,2,,No
868,30000.0,5,3,60.0,1,1,3,0,1,11,2,,Yes
869,110000.0,3,4,42.0,1,0,0,4,0,2,2,,Yes
870,60000.0,1,1,46.0,0,1,1,0,1,1,2,,Yes
871,60000.0,2,2,55.0,0,1,2,2,1,11,2,,No
872,70000.0,3,2,53.0,1,0,4,4,1,10,2,,No
873,50000.0,3,2,40.0,0,1,0,0,1,5,2,,No
874,30000.0,1,1,53.0,0,0,0,0,1,10,2,,Yes
875,70000.0,2,0,38.0,1,0,0,0,1,5,2,,Yes
876,30000.0,0,2,26.0,1,1,3,1,0,1,2,,No
877,70000.0,5,2,61.0,0,1,0,4,1,5,2,,No
878,50000.0,2,2,71.0,0,1,4,4,1,10,2,,No
879,90000.0,4,2,45.0,0,1,2,2,1,2,2,,Yes
880,80000.0,2,0,37.0,0,1,4,2,1,1,2,,Yes
881,80000.0,4,2,72.0,0,0,4,4,1,1,2,,No
882,30000.0,0,0,32.0,0,1,4,0,1,1,2,,Yes
883,60000.0,1,1,48.0,0,0,0,2,1,5,2,,Yes
884,80000.0,4,2,71.5,0,1,4,4,1,10,2,,No
885,20000.0,2,2,49.0,0,0,3,1,1,1,2,,No
886,70000.0,3,0,34.0,0,1,4,2,1,5,2,,No
887,50000.0,0,0,32.0,0,1,4,0,1,1,2,,Yes
888,60000.0,4,2,42.0,1,0,0,0,0,1,2,,No
889,63333.333333333336,1,0,35.0,0,0,4,0,1,1,2,,No
890,40000.0,2,1,48.0,0,0,1,1,1,1,2,,Yes
891,100000.0,1,3,73.0,1,1,4,4,1,5,2,,No
892,70000.0,4,2,43.0,1,0,0,0,1,5,2,,Yes
893,60000.0,1,0,35.0,0,1,4,2,1,1,2,,Yes
894,70000.0,3,0,35.0,0,1,4,2,1,1,2,,No
895,80000.0,4,2,64.0,0,0,0,4,1,2,2,,No
896,50000.0,1,0,34.0,0,0,0,0,1,1,2,,No
897,30000.0,0,2,28.0,0,1,3,1,0,1,2,,No
898,70000.0,5,3,60.0,1,1,0,4,1,11,2,,Yes
899,70000.0,5,3,46.0,0,0,4,2,1,11,2,,Yes
900,40000.0,4,2,44.0,0,1,2,0,1,1,2,,Yes
901,60000.0,4,2,42.0,1,0,0,0,1,5,2,,Yes
902,80000.0,3,0,40.0,1,1,0,0,1,5,2,,Yes
903,90000.0,4,1,73.0,1,1,4,4,1,10,2,,Yes
904,60000.0,2,0,36.0,1,0,0,0,0,1,2,,No
905,90000.0,4,1,38.0,1,1,0,4,1,2,2,,Yes
906,60000.0,1,0,34.0,0,1,4,2,1,5,2,,No
907,50000.0,4,2,63.0,0,1,0,4,1,11,2,,No
908,50000.0,3,2,41.0,1,1,0,0,1,5,2,,Yes
909,60000.0,0,0,39.0,0,1,4,0,1,2,2,,No
910,40000.0,4,2,46.0,0,1,2,0,1,5,2,,Yes
911,80000.0,5,2,64.0,0,0,0,4,1,10,2,,No
912,40000.0,3,1,32.0,0,0,1,1,1,2,2,,Yes
913,60000.0,2,0,36.0,1,1,0,0,1,5,2,,No
914,80000.0,5,0,47.0,1,1,4,0,0,1,2,,No
915,60000.0,3,2,64.0,0,1,4,4,1,11,2,,No
916,70000.0,3,0,35.0,1,1,4,2,0,1,2,,No
917,110000.0,3,4,40.0,1,1,0,4,1,5,2,,Yes
918,70000.0,0,2,34.0,0,0,1,0,1,10,2,,No
919,40000.0,4,2,61.0,0,0,2,2,1,11,2,,Yes
920,30000.0,2,2,51.0,0,1,2,0,1,2,2,,No
921,70000.0,3,1,49.0,1,0,1,2,1,10,2,,Yes
922,40000.0,3,2,54.0,0,0,1,2,0,2,2,,Yes
923,70000.0,3,2,53.0,1,1,4,4,0,2,2,,Yes
924,90000.0,2,1,48.0,1,1,1,2,1,5,2,,No
925,50000.0,0,0,33.0,1,0,4,0,1,2,2,,No
926,40000.0,2,2,57.0,1,0,2,2,1,11,2,,Yes
927,70000.0,0,0,39.0,0,0,4,2,1,5,2,,Yes
928,60000.0,2,2,48.0,0,1,2,2,1,10,2,,No
929,60000.0,2,2,50.0,0,1,2,2,1,10,2,,No
930,70000.0,5,3,47.0,0,1,4,2,0,11,2,,Yes
931,40000.0,1,1,49.0,0,0,1,1,1,2,2,,Yes
932,40000.0,0,2,27.0,1,0,2,0,0,1,2,,Yes
933,60000.0,0,2,29.0,1,1,1,0,1,10,2,,No
934,60000.0,2,0,59.0,0,1,0,4,1,5,2,,No
935,60000.0,1,1,45.0,0,0,1,0,1,1,2,,Yes
936,60000.0,4,2,60.0,0,0,0,4,1,5,2,,No
937,70000.0,4,0,36.0,0,1,4,2,1,1,2,,Yes
938,40000.0,0,2,27.0,0,0,2,0,1,10,2,,No
939,80000.0,2,2,50.0,1,1,3,0,0,2,2,,Yes
940,60000.0,1,0,35.0,1,0,4,0,1,2,2,,Yes
941,60000.0,1,0,34.0,0,0,4,0,1,5,2,,Yes
942,40000.0,3,2,54.0,0,0,1,2,1,10,2,,Yes
943,60000.0,4,2,42.0,0,0,0,0,1,1,2,,Yes
944,50000.0,1,0,34.0,0,0,0,0,1,5,2,,Yes
945,50000.0,2,1,38.0,1,1,0,0,0,1,2,,Yes
946,90000.0,5,2,63.0,0,0,0,4,1,2,2,,No
947,90000.0,4,3,45.0,1,0,2,2,0,2,2,,Yes
948,60000.0,0,0,40.0,1,0,4,0,0,1,2,,No
949,70000.0,2,2,53.0,0,1,3,0,1,11,2,,No
950,70000.0,1,0,34.0,1,0,4,2,1,5,2,,Yes
951,70000.0,0,1,38.0,0,1,0,2,0,1,2,,Yes
952,70000.0,4,1,59.0,0,0,0,4,0,2,2,,Yes
953,40000.0,3,1,30.0,1,0,1,1,1,2,2,,No
954,60000.0,1,1,48.0,0,1,0,2,1,1,2,,Yes
955,40000.0,4,2,43.0,0,0,2,0,1,5,2,,Yes
956,70000.0,4,0,35.0,0,0,4,2,1,5,2,,Yes
957,60000.0,0,2,30.0,0,0,1,2,1,10,2,,No
958,90000.0,5,0,47.0,0,1,4,2,1,1,2,,Yes
959,60000.0,1,1,45.0,0,1,1,0,1,5,2,,Yes
960,100000.0,3,4,45.0,1,1,1,2,0,2,2,,No
961,120000.0,2,3,62.0,0,0,0,4,1,10,2,,No
962,60000.0,2,2,55.0,0,1,1,2,1,11,2,,No
963,90000.0,5,2,66.0,0,0,0,4,1,2,2,,No
964,70000.0,4,1,56.0,1,1,1,2,1,11,2,,No
965,50000.0,3,1,40.0,1,0,0,0,0,1,2,,Yes
966,50000.0,0,0,33.0,0,0,4,0,1,2,2,,No
967,80000.0,3,1,56.0,0,1,0,4,1,2,2,,Yes
968,30000.0,0,2,27.0,1,1,3,1,0,10,2,,No
969,60000.0,0,0,39.0,0,1,4,2,0,1,2,,No
970,60000.0,0,2,31.0,0,0,1,0,1,10,2,,No
971,60000.0,2,2,51.0,1,0,3,0,0,2,2,,No
972,30000.0,1,1,52.0,0,0,2,1,1,10,2,,Yes
973,60000.0,1,1,47.0,0,1,1,0,0,1,2,,Yes
974,70000.0,3,2,53.0,0,1,4,4,1,10,2,,No
975,70000.0,3,0,35.0,0,1,4,2,1,1,2,,No
976,60000.0,3,2,66.0,0,0,0,4,1,11,2,,No
977,80000.0,4,2,65.0,1,0,4,4,1,10,2,,No
978,85000.0,5,3,45.0,0,1,1,2,1,10,2,,No
979,40000.0,0,1,31.0,1,1,2,0,1,10,2,,No
980,80000.0,3,3,40.0,1,0,0,0,1,11,2,,No
981,110000.0,5,4,46.0,0,1,1,2,1,5,2,,No
982,40000.0,2,1,47.0,1,1,1,1,0,2,2,,No
983,130000.0,2,2,41.0,0,1,4,4,1,1,2,,Yes
984,60000.0,2,2,48.0,0,1,2,2,0,2,2,,No
985,50000.0,4,2,42.0,1,0,0,0,1,1,2,,No
986,40000.0,5,4,60.0,1,1,2,2,1,11,2,,Yes
987,60000.0,3,2,66.0,1,0,4,4,1,11,2,,Yes
988,70000.0,5,2,63.0,0,1,0,4,1,11,2,,No
989,60000.0,4,3,42.0,0,1,0,0,0,11,2,,No
990,30000.0,0,2,26.0,1,0,2,0,0,10,2,,Yes
991,60000.0,1,0,36.0,1,0,4,2,1,5,2,,Yes
992,90000.0,2,0,44.21710760273836,0,1,1,2,0,10,2,,No
993,70000.0,1,3,44.0,1,1,1,2,0,1,2,,No
994,80000.0,5,3,46.0,0,1,1,2,1,2,2,,Yes
995,60000.0,2,2,54.0,0,1,2,2,1,5,2,,No
996,65000.0,4,0,35.0,1,1,4,2,1,5,2,,No
997,60000.0,2,0,38.0,0,1,0,0,1,1,2,,No
998,100000.0,3,3,38.0,1,1,0,4,0,2,2,,No
999,60000.0,3,2,53.0,1,1,2,2,1,11,2,,Yes
